OrderDate,Region,Rep,Item,UnitCost,PhoneNo,email
11/01/2019,Lorient,Malik Logan,"diam eu dolor egestas rhoncus. Proin nisl sem, consequat nec,",89402,1-753-656-4418,Ut@Etiamgravida.co.uk
06/05/2019,Montigny-le-Tilleul,Andrew Hodge,"magnis dis parturient montes, nascetur ridiculus mus. Donec dignissim magna",34801,1-403-789-0836,orci@pretium.net
08/31/2019,Sauvenire,Veronica Mayer,arcu. Vestibulum ut eros non enim commodo hendrerit. Donec porttitor,59708,1-703-257-1859,enim.diam.vel@Duisami.ca
04/27/2019,Trollhättan,Diana Cruz,"vitae semper egestas, urna justo faucibus lectus, a sollicitudin orci",16350,1-511-267-5062,convallis.in@habitantmorbitristique.net
08/12/2019,Stonehaven,Steven Curry,"sed, sapien. Nunc pulvinar arcu et pede. Nunc sed orci",67762,1-449-576-0801,risus@auctornuncnulla.net
09/25/2019,Blois,Paula Berry,"Nullam scelerisque neque sed sem egestas blandit. Nam nulla magna,",40235,1-615-781-8367,non.lacinia.at@atarcuVestibulum.org
01/01/2019,Grande Cache,Bianca Rollins,ut quam vel sapien imperdiet ornare. In faucibus. Morbi vehicula.,26457,1-192-928-3856,ut.lacus.Nulla@maurisipsumporta.edu
03/08/2019,Stokrooie,Yen Byrd,et netus et malesuada fames ac turpis egestas. Fusce aliquet,28762,1-367-811-2709,Vivamus@habitant.edu
03/26/2019,Caramanico Terme,Wade Snow,"blandit viverra. Donec tempus, lorem fringilla ornare placerat, orci lacus",34679,1-924-198-4639,quis.diam@ametrisusDonec.edu
04/27/2019,Valda,Kiayada Brennan,ac turpis egestas. Aliquam fringilla cursus purus. Nullam scelerisque neque,64592,1-488-886-0619,sodales.at.velit@Vivamusmolestiedapibus.ca
08/03/2019,Montebelluna,Dakota Barker,"velit. Sed malesuada augue ut lacus. Nulla tincidunt, neque vitae",57436,1-217-165-8645,sociis.natoque.penatibus@urnaVivamusmolestie.com
11/18/2019,Beausejour,James Stark,quam vel sapien imperdiet ornare. In faucibus. Morbi vehicula. Pellentesque,90060,1-786-322-8682,neque.Morbi.quis@cursusdiamat.com
10/09/2019,San Valentino in Abruzzo Citeriore,Neil Sosa,"sollicitudin a, malesuada id, erat. Etiam vestibulum massa rutrum magna.",82149,1-521-280-1886,nostra.per@hendreritneque.ca
08/27/2019,Introd,Nigel Alvarado,"sed dui. Fusce aliquam, enim nec tempus scelerisque, lorem ipsum",84650,1-932-973-4648,ridiculus.mus@mattis.ca
07/13/2019,Lienz,Zephr Alvarado,tristique neque venenatis lacus. Etiam bibendum fermentum metus. Aenean sed,93966,1-837-438-6389,Aenean@ultricies.com
07/26/2019,Great Falls,Upton Cummings,"erat, in consectetuer ipsum nunc id enim. Curabitur massa. Vestibulum",50972,1-880-320-7071,aliquet.metus.urna@eu.org
04/19/2019,Tuxtla Gutiérrez,Xyla Ray,"egestas hendrerit neque. In ornare sagittis felis. Donec tempor, est",91593,1-609-444-1424,hendrerit.consectetuer.cursus@purusinmolestie.ca
08/05/2019,Bierges,Amos Craig,Nunc quis arcu vel quam dignissim pharetra. Nam ac nulla.,78186,1-470-456-7398,mauris.sagittis@ultriciesornareelit.net
09/28/2019,Reus,Jin Kane,"adipiscing fringilla, porttitor vulputate, posuere vulputate, lacus. Cras interdum. Nunc",45553,1-145-494-0229,est.mauris.rhoncus@orciadipiscingnon.com
03/25/2019,Torreón,Lars Allen,"tincidunt, neque vitae semper egestas, urna justo faucibus lectus, a",87304,1-710-429-5867,libero.Proin.sed@dis.com
11/16/2019,Hoorn,Velma Melendez,Donec at arcu. Vestibulum ante ipsum primis in faucibus orci,43419,1-120-250-1526,id.magna.et@arcu.net
08/28/2019,Lo Espejo,Francis Newman,"velit justo nec ante. Maecenas mi felis, adipiscing fringilla, porttitor",86975,1-814-315-4865,neque@nonummy.com
05/10/2019,Caprino Bergamasco,Hyatt Burris,imperdiet ornare. In faucibus. Morbi vehicula. Pellentesque tincidunt tempus risus.,70320,1-859-617-0904,non.vestibulum@Suspendisse.net
03/03/2019,Hertsberge,Jack Kidd,"vehicula et, rutrum eu, ultrices sit amet, risus. Donec nibh",20812,1-932-406-3431,non.feugiat.nec@odio.co.uk
07/18/2019,Korolyov,Joelle Carson,"lobortis quis, pede. Suspendisse dui. Fusce diam nunc, ullamcorper eu,",83047,1-283-319-7829,massa.rutrum.magna@nuncid.co.uk
03/03/2019,Anlier,Anika Hickman,mauris eu elit. Nulla facilisi. Sed neque. Sed eget lacus.,25189,1-198-106-0091,Nunc@gravidanuncsed.com
11/17/2019,Neder-Over-Heembeek,Alisa Evans,nunc. In at pede. Cras vulputate velit eu sem. Pellentesque,79107,1-210-968-4000,volutpat.Nulla@ut.ca
11/16/2019,Warren,Abigail Davenport,"congue, elit sed consequat auctor, nunc nulla vulputate dui, nec",95958,1-896-578-6300,Aliquam.fringilla.cursus@blanditviverraDonec.edu
04/28/2019,Labrecque,Tana Oliver,Duis dignissim tempor arcu. Vestibulum ut eros non enim commodo,96903,1-626-355-0629,vestibulum@lobortisquama.ca
12/13/2019,Toronto,Brittany Joseph,ipsum. Phasellus vitae mauris sit amet lorem semper auctor. Mauris,19509,1-563-644-3787,magna.Cras.convallis@CrasinterdumNunc.com
08/26/2019,Oliver,Violet Collins,"dolor sit amet, consectetuer adipiscing elit. Etiam laoreet, libero et",20645,1-523-846-8549,ac.sem@sit.edu
05/10/2019,Katihar,Denton Whitney,"imperdiet, erat nonummy ultricies ornare, elit elit fermentum risus, at",68957,1-518-211-8627,aptent@Vestibulumante.co.uk
03/22/2019,Chambave,Samson Oneal,feugiat placerat velit. Quisque varius. Nam porttitor scelerisque neque. Nullam,90115,1-404-989-7827,pellentesque.eget.dictum@Nulla.com
08/20/2019,San Zenone degli Ezzelini,Donna Sears,Ut semper pretium neque. Morbi quis urna. Nunc quis arcu,90811,1-201-506-7198,nec.mollis@Cras.com
08/17/2019,San Rafael,Rigel Chandler,lobortis quam a felis ullamcorper viverra. Maecenas iaculis aliquet diam.,29401,1-398-973-5745,Maecenas.libero.est@actellusSuspendisse.org
07/17/2019,Worcester,Barrett Duran,leo. Cras vehicula aliquet libero. Integer in magna. Phasellus dolor,62512,1-605-750-1420,gravida@vellectusCum.net
03/08/2019,Narbonne,Tyler Ferguson,Donec egestas. Aliquam nec enim. Nunc ut erat. Sed nunc,51558,1-519-955-9347,massa@molestietellusAenean.net
09/15/2019,Jedburgh,Quincy Hensley,"orci, in consequat enim diam vel arcu. Curabitur ut odio",66991,1-890-149-4384,nulla.In@conubia.edu
01/23/2019,Ternat,Ali Mathis,quis diam luctus lobortis. Class aptent taciti sociosqu ad litora,64125,1-333-258-0029,Etiam.bibendum.fermentum@purussapiengravida.ca
04/20/2019,Chillán,Akeem Ferguson,bibendum fermentum metus. Aenean sed pede nec ante blandit viverra.,79434,1-285-653-9924,nibh@afacilisisnon.com
11/30/2019,Jakarta,Daquan Ashley,nascetur ridiculus mus. Proin vel arcu eu odio tristique pharetra.,70722,1-740-865-0008,felis.Nulla@lacinia.ca
05/23/2019,Fleurus,Lael Gaines,Fusce mollis. Duis sit amet diam eu dolor egestas rhoncus.,69081,1-688-340-3826,Sed.congue@ligula.com
02/09/2019,Quinte West,Cameran Sharp,"vulputate, nisi sem semper erat, in consectetuer ipsum nunc id",95174,1-657-160-3456,interdum.ligula@neque.co.uk
03/29/2019,Monterrey,Venus Douglas,"libero est, congue a, aliquet vel, vulputate eu, odio. Phasellus",78348,1-150-545-9212,nunc.Quisque@malesuada.org
01/28/2019,Norman,Deirdre Petty,"risus odio, auctor vitae, aliquet nec, imperdiet nec, leo. Morbi",67549,1-195-571-4483,justo.Proin.non@tristique.ca
09/17/2019,Buti,Bell Stein,consequat enim diam vel arcu. Curabitur ut odio vel est,15256,1-979-740-9717,orci.Donec@semmolestiesodales.org
08/30/2019,Sheikhupura,Mara Elliott,vitae risus. Duis a mi fringilla mi lacinia mattis. Integer,21399,1-451-485-6634,viverra@atiaculis.org
06/22/2019,Schore,Karen Heath,"Duis risus odio, auctor vitae, aliquet nec, imperdiet nec, leo.",54840,1-358-559-7384,elit.pellentesque.a@accumsanneque.co.uk
10/18/2019,Tufara,Galena Pruitt,arcu. Morbi sit amet massa. Quisque porttitor eros nec tellus.,31692,1-269-721-5027,non@Proin.com
07/19/2019,Thines,Paul Kelly,Curabitur egestas nunc sed libero. Proin sed turpis nec mauris,68890,1-817-172-7416,vulputate.lacus.Cras@tempusrisusDonec.edu
11/20/2019,Bucheon,Brittany Moody,velit. Pellentesque ultricies dignissim lacus. Aliquam rutrum lorem ac risus.,56102,1-838-238-6261,nunc.est.mollis@nonbibendumsed.ca
09/20/2019,Sint-Pieters-Kapelle,Signe Thompson,"at, velit. Pellentesque ultricies dignissim lacus. Aliquam rutrum lorem ac",83835,1-578-188-9077,vitae@sagittisfelisDonec.org
01/30/2019,Wokingham,Lillian Weber,risus. Nulla eget metus eu erat semper rutrum. Fusce dolor,78402,1-139-837-1375,Nulla.facilisi@elementumpurus.co.uk
09/25/2019,Kayseri,Herman Lynch,eget metus. In nec orci. Donec nibh. Quisque nonummy ipsum,62561,1-874-761-3920,pellentesque.massa.lobortis@Nullaaliquet.co.uk
08/28/2019,Elektrougli,Angela Witt,"penatibus et magnis dis parturient montes, nascetur ridiculus mus. Aenean",58709,1-403-121-3077,magna.Cras.convallis@acmattis.org
10/11/2019,Hall in Tirol,Jeanette Kirby,turpis egestas. Aliquam fringilla cursus purus. Nullam scelerisque neque sed,69974,1-344-541-4103,scelerisque.neque.Nullam@auctor.edu
09/24/2019,Matlock,Forrest Edwards,"pretium aliquet, metus urna convallis erat, eget tincidunt dui augue",71559,1-879-132-8788,Lorem.ipsum.dolor@Duisvolutpatnunc.com
09/27/2019,Tarbes,Gay Gilmore,convallis dolor. Quisque tincidunt pede ac urna. Ut tincidunt vehicula,14673,1-224-671-7996,sapien@atrisus.com
02/08/2019,Hillsboro,Kelly Mcclain,"urna convallis erat, eget tincidunt dui augue eu tellus. Phasellus",96756,1-999-108-7724,lectus.ante.dictum@dolorelitpellentesque.net
07/09/2019,De Haan,Jena Callahan,"rhoncus. Donec est. Nunc ullamcorper, velit in aliquet lobortis, nisi",97058,1-383-981-1277,consequat.lectus.sit@Crasconvallis.org
05/08/2019,Lochgilphead,Lacota Vinson,arcu. Vivamus sit amet risus. Donec egestas. Aliquam nec enim.,84604,1-202-339-3944,ligula.eu@metusfacilisislorem.edu
08/04/2019,Thorold,Herman Cobb,"convallis ligula. Donec luctus aliquet odio. Etiam ligula tortor, dictum",43078,1-696-471-7159,aliquam.enim@natoquepenatibuset.net
07/28/2019,Novozybkov,Jeanette Simpson,"velit in aliquet lobortis, nisi nibh lacinia orci, consectetuer euismod",75318,1-607-753-8138,Phasellus.libero.mauris@Maurismolestiepharetra.com
05/22/2019,Villers-aux-Tours,Zachery Maxwell,orci. Phasellus dapibus quam quis diam. Pellentesque habitant morbi tristique,76545,1-147-116-4676,at.sem@fermentumfermentumarcu.org
10/04/2019,Perth,Alan Wood,non justo. Proin non massa non ante bibendum ullamcorper. Duis,29062,1-643-861-1979,id.sapien@nascetur.edu
11/10/2019,Worcester,Evangeline Blackburn,"imperdiet, erat nonummy ultricies ornare, elit elit fermentum risus, at",12136,1-984-658-5756,luctus.lobortis@nibhlaciniaorci.ca
01/31/2019,Frederick,George Avila,"est, congue a, aliquet vel, vulputate eu, odio. Phasellus at",76285,1-558-364-6522,nec.enim.Nunc@enimconsequatpurus.org
11/05/2019,Gunungsitoli,Wynter Kirk,"Nunc laoreet lectus quis massa. Mauris vestibulum, neque sed dictum",65476,1-164-121-1925,imperdiet.ornare.In@tortordictumeu.net
09/28/2019,Gimcheon,Daniel Pena,"elit elit fermentum risus, at fringilla purus mauris a nunc.",39978,1-666-955-2145,orci.tincidunt.adipiscing@interdum.org
01/02/2019,Solre-sur-Sambre,Adrian Molina,"odio vel est tempor bibendum. Donec felis orci, adipiscing non,",51168,1-240-869-3538,at.fringilla.purus@laoreet.edu
09/06/2019,Maiduguri,Ethan Farley,"adipiscing lobortis risus. In mi pede, nonummy ut, molestie in,",58168,1-497-488-6746,Proin.nisl.sem@dolor.ca
01/13/2019,Cape Breton Island,Jocelyn George,magna. Praesent interdum ligula eu enim. Etiam imperdiet dictum magna.,46440,1-922-633-8519,pellentesque@semelit.net
12/20/2019,Imperatriz,Kane Hughes,sem molestie sodales. Mauris blandit enim consequat purus. Maecenas libero,29886,1-848-369-3187,in@ametrisus.co.uk
05/24/2019,Miryang,Kyra Dunn,"hendrerit. Donec porttitor tellus non magna. Nam ligula elit, pretium",32443,1-890-110-2688,fermentum.fermentum@sedleoCras.edu
03/22/2019,Busso,Vincent Hawkins,"et tristique pellentesque, tellus sem mollis dui, in sodales elit",64956,1-442-556-0520,fermentum@enimconsequat.ca
03/29/2019,Ulhasnagar,Hilel Cline,"sapien. Aenean massa. Integer vitae nibh. Donec est mauris, rhoncus",22621,1-884-707-5054,faucibus.lectus.a@miloremvehicula.ca
02/19/2019,Miramichi,Cara Ayers,"mauris, aliquam eu, accumsan sed, facilisis vitae, orci. Phasellus dapibus",50597,1-242-146-2972,Curabitur.massa.Vestibulum@eratSed.org
09/09/2019,Lang,Baker Hess,lorem ac risus. Morbi metus. Vivamus euismod urna. Nullam lobortis,67650,1-126-291-0010,Mauris.vel@ipsumDonecsollicitudin.edu
05/29/2019,Tywyn,Giselle Rollins,Pellentesque ultricies dignissim lacus. Aliquam rutrum lorem ac risus. Morbi,89792,1-173-587-1256,est.Mauris@Nam.net
01/16/2019,Herk-de-Stad,Samantha Hendricks,"ac mattis semper, dui lectus rutrum urna, nec luctus felis",21823,1-443-506-8848,Suspendisse.non.leo@lobortisquispede.net
08/06/2019,Certaldo,Pandora Olsen,Nam consequat dolor vitae dolor. Donec fringilla. Donec feugiat metus,83367,1-232-664-4371,et@Suspendissesagittis.edu
03/21/2019,Palembang,Melanie Schultz,est. Mauris eu turpis. Nulla aliquet. Proin velit. Sed malesuada,38971,1-248-471-8428,non.arcu.Vivamus@duiCum.co.uk
04/03/2019,Francavilla in Sinni,Nicole Pacheco,arcu vel quam dignissim pharetra. Nam ac nulla. In tincidunt,14129,1-621-975-4402,turpis.egestas.Fusce@adipiscingnon.com
08/14/2019,Boise,Rowan Mccray,Morbi vehicula. Pellentesque tincidunt tempus risus. Donec egestas. Duis ac,44632,1-240-930-6964,euismod@ornare.net
02/24/2019,Lörrach,Sage Rios,"mauris. Integer sem elit, pharetra ut, pharetra sed, hendrerit a,",33051,1-153-154-7482,lorem.fringilla.ornare@aliquetlobortis.co.uk
06/03/2019,Merritt,Xena Sanders,"enim, sit amet ornare lectus justo eu arcu. Morbi sit",48745,1-374-322-2274,eu.odio.Phasellus@sapienmolestieorci.com
02/09/2019,Grand-Manil,Jena Solomon,"gravida. Aliquam tincidunt, nunc ac mattis ornare, lectus ante dictum",83261,1-298-431-6464,Proin.nisl@duiFusce.net
05/19/2019,Deerlijk,Charde Fitzpatrick,Etiam gravida molestie arcu. Sed eu nibh vulputate mauris sagittis,31005,1-701-824-9171,molestie.tellus.Aenean@Ut.ca
07/17/2019,Ajax,Kylan Collier,pede. Nunc sed orci lobortis augue scelerisque mollis. Phasellus libero,42702,1-604-245-3524,Sed.diam@inhendrerit.co.uk
11/16/2019,Tavigny,Brielle Yang,ligula. Aenean euismod mauris eu elit. Nulla facilisi. Sed neque.,60554,1-818-741-1317,Mauris.vel.turpis@temporbibendumDonec.org
08/25/2019,Ganshoren,Ryder Richard,"Cum sociis natoque penatibus et magnis dis parturient montes, nascetur",25650,1-323-742-7421,vel.faucibus@metus.org
01/18/2019,Sangli,Merritt Cabrera,"nec, euismod in, dolor. Fusce feugiat. Lorem ipsum dolor sit",99008,1-693-521-8014,condimentum@feugiat.edu
09/29/2019,Springfield,Phoebe Sheppard,vestibulum massa rutrum magna. Cras convallis convallis dolor. Quisque tincidunt,98439,1-929-497-4502,ultrices.a@malesuadaInteger.co.uk
05/31/2019,Ceppaloni,Hyacinth Valencia,"dictum eleifend, nunc risus varius orci, in consequat enim diam",44701,1-398-982-9225,Fusce.fermentum@vitae.com
02/01/2019,Lutsel K'e,Xander Larson,"et, magna. Praesent interdum ligula eu enim. Etiam imperdiet dictum",84242,1-297-747-6159,lorem@aultricies.org
11/30/2019,Ila,May Cortez,"quis, pede. Praesent eu dui. Cum sociis natoque penatibus et",30486,1-940-648-0198,a.nunc@urnanecluctus.edu
11/14/2019,Bonnyville,Guy Tanner,lacus. Mauris non dui nec urna suscipit nonummy. Fusce fermentum,23400,1-669-874-1225,feugiat.Lorem@arcuVivamus.org
02/25/2019,Toernich,Paul Goff,"Lorem ipsum dolor sit amet, consectetuer adipiscing elit. Aliquam auctor,",16672,1-151-645-6047,ante@gravidasitamet.edu
04/08/2019,Anlier,Oscar Fox,fames ac turpis egestas. Fusce aliquet magna a neque. Nullam,97617,1-112-769-5511,neque@morbi.co.uk
10/16/2019,Aurangabad,Hilel Newman,ornare lectus justo eu arcu. Morbi sit amet massa. Quisque,24760,1-619-783-5074,eget.magna@scelerisque.net